SKU,Category,Title,Description,Text,Photo,Price,Quantity,Price Old,Editions,Modifications,External ID,Parent UID
маленькая-IMG_2142,маленькая,маленькая-IMG_2142,Керамическая кружка ручной работы!,Вся проходят двойную обработку и подходят для мойки в посудомоечной машине и разогревания в микроволновой печи!,https://ikondor.github.io/mawave/output/2250/IMG_2142.JPG.png.jpeg,2250,,2400,,,IMG_2142.JPG.png.jpeg,
маленькая-IMG_2143,маленькая,маленькая-IMG_2143,Керамическая кружка ручной работы!,Вся проходят двойную обработку и подходят для мойки в посудомоечной машине и разогревания в микроволновой печи!,https://ikondor.github.io/mawave/output/2250/IMG_2143.JPG.png.jpeg,2250,,2400,,,IMG_2143.JPG.png.jpeg,
маленькая-IMG_2144,маленькая,маленькая-IMG_2144,Керамическая кружка ручной работы!,Вся проходят двойную обработку и подходят для мойки в посудомоечной машине и разогревания в микроволновой печи!,https://ikondor.github.io/mawave/output/2250/IMG_2144.JPG.png.jpeg,2250,,2400,,,IMG_2144.JPG.png.jpeg,
маленькая-IMG_2145,маленькая,маленькая-IMG_2145,Керамическая кружка ручной работы!,Вся проходят двойную обработку и подходят для мойки в посудомоечной машине и разогревания в микроволновой печи!,https://ikondor.github.io/mawave/output/2250/IMG_2145.JPG.png.jpeg,2250,,2400,,,IMG_2145.JPG.png.jpeg,
маленькая-IMG_2146,маленькая,маленькая-IMG_2146,Керамическая кружка ручной работы!,Вся проходят двойную обработку и подходят для мойки в посудомоечной машине и разогревания в микроволновой печи!,https://ikondor.github.io/mawave/output/2250/IMG_2146.JPG.png.jpeg,2250,,2400,,,IMG_2146.JPG.png.jpeg,
маленькая-IMG_2147,маленькая,маленькая-IMG_2147,Керамическая кружка ручной работы!,Вся проходят двойную обработку и подходят для мойки в посудомоечной машине и разогревания в микроволновой печи!,https://ikondor.github.io/mawave/output/2250/IMG_2147.JPG.png.jpeg,2250,,2400,,,IMG_2147.JPG.png.jpeg,
маленькая-IMG_2148,маленькая,маленькая-IMG_2148,Керамическая кружка ручной работы!,Вся проходят двойную обработку и подходят для мойки в посудомоечной машине и разогревания в микроволновой печи!,https://ikondor.github.io/mawave/output/2250/IMG_2148.JPG.png.jpeg,2250,,2400,,,IMG_2148.JPG.png.jpeg,
маленькая-IMG_2149,маленькая,маленькая-IMG_2149,Керамическая кружка ручной работы!,Вся проходят двойную обработку и подходят для мойки в посудомоечной машине и разогревания в микроволновой печи!,https://ikondor.github.io/mawave/output/2250/IMG_2149.JPG.png.jpeg,2250,,2400,,,IMG_2149.JPG.png.jpeg,
маленькая-IMG_2150,маленькая,маленькая-IMG_2150,Керамическая кружка ручной работы!,Вся проходят двойную обработку и подходят для мойки в посудомоечной машине и разогревания в микроволновой печи!,https://ikondor.github.io/mawave/output/2250/IMG_2150.JPG.png.jpeg,2250,,2400,,,IMG_2150.JPG.png.jpeg,
маленькая-IMG_2151,маленькая,маленькая-IMG_2151,Керамическая кружка ручной работы!,Вся проходят двойную обработку и подходят для мойки в посудомоечной машине и разогревания в микроволновой печи!,https://ikondor.github.io/mawave/output/2250/IMG_2151.JPG.png.jpeg,2250,,2400,,,IMG_2151.JPG.png.jpeg,
маленькая-IMG_2152,маленькая,маленькая-IMG_2152,Керамическая кружка ручной работы!,Вся проходят двойную обработку и подходят для мойки в посудомоечной машине и разогревания в микроволновой печи!,https://ikondor.github.io/mawave/output/2250/IMG_2152.JPG.png.jpeg,2250,,2400,,,IMG_2152.JPG.png.jpeg,
маленькая-IMG_2153,маленькая,маленькая-IMG_2153,Керамическая кружка ручной работы!,Вся проходят двойную обработку и подходят для мойки в посудомоечной машине и разогревания в микроволновой печи!,https://ikondor.github.io/mawave/output/2250/IMG_2153.JPG.png.jpeg,2250,,2400,,,IMG_2153.JPG.png.jpeg,
маленькая-IMG_2154,маленькая,маленькая-IMG_2154,Керамическая кружка ручной работы!,Вся проходят двойную обработку и подходят для мойки в посудомоечной машине и разогревания в микроволновой печи!,https://ikondor.github.io/mawave/output/2250/IMG_2154.JPG.png.jpeg,2250,,2400,,,IMG_2154.JPG.png.jpeg,
маленькая-IMG_2155,маленькая,маленькая-IMG_2155,Керамическая кружка ручной работы!,Вся проходят двойную обработку и подходят для мойки в посудомоечной машине и разогревания в микроволновой печи!,https://ikondor.github.io/mawave/output/2250/IMG_2155.JPG.png.jpeg,2250,,2400,,,IMG_2155.JPG.png.jpeg,
маленькая-IMG_2156,маленькая,маленькая-IMG_2156,Керамическая кружка ручной работы!,Вся проходят двойную обработку и подходят для мойки в посудомоечной машине и разогревания в микроволновой печи!,https://ikondor.github.io/mawave/output/2250/IMG_2156.JPG.png.jpeg,2250,,2400,,,IMG_2156.JPG.png.jpeg,
маленькая-IMG_2157,маленькая,маленькая-IMG_2157,Керамическая кружка ручной работы!,Вся проходят двойную обработку и подходят для мойки в посудомоечной машине и разогревания в микроволновой печи!,https://ikondor.github.io/mawave/output/2250/IMG_2157.JPG.png.jpeg,2250,,2400,,,IMG_2157.JPG.png.jpeg,
маленькая-IMG_2158,маленькая,маленькая-IMG_2158,Керамическая кружка ручной работы!,Вся проходят двойную обработку и подходят для мойки в посудомоечной машине и разогревания в микроволновой печи!,https://ikondor.github.io/mawave/output/2250/IMG_2158.JPG.png.jpeg,2250,,2400,,,IMG_2158.JPG.png.jpeg,
маленькая-IMG_2159,маленькая,маленькая-IMG_2159,Керамическая кружка ручной работы!,Вся проходят двойную обработку и подходят для мойки в посудомоечной машине и разогревания в микроволновой печи!,https://ikondor.github.io/mawave/output/2250/IMG_2159.JPG.png.jpeg,2250,,2400,,,IMG_2159.JPG.png.jpeg,
маленькая-IMG_2160,маленькая,маленькая-IMG_2160,Керамическая кружка ручной работы!,Вся проходят двойную обработку и подходят для мойки в посудомоечной машине и разогревания в микроволновой печи!,https://ikondor.github.io/mawave/output/2250/IMG_2160.JPG.png.jpeg,2250,,2400,,,IMG_2160.JPG.png.jpeg,
маленькая-IMG_2161,маленькая,маленькая-IMG_2161,Керамическая кружка ручной работы!,Вся проходят двойную обработку и подходят для мойки в посудомоечной машине и разогревания в микроволновой печи!,https://ikondor.github.io/mawave/output/2250/IMG_2161.JPG.png.jpeg,2250,,2400,,,IMG_2161.JPG.png.jpeg,
маленькая-IMG_2162,маленькая,маленькая-IMG_2162,Керамическая кружка ручной работы!,Вся проходят двойную обработку и подходят для мойки в посудомоечной машине и разогревания в микроволновой печи!,https://ikondor.github.io/mawave/output/2250/IMG_2162.JPG.png.jpeg,2250,,2400,,,IMG_2162.JPG.png.jpeg,
маленькая-IMG_2163,маленькая,маленькая-IMG_2163,Керамическая кружка ручной работы!,Вся проходят двойную обработку и подходят для мойки в посудомоечной машине и разогревания в микроволновой печи!,https://ikondor.github.io/mawave/output/2250/IMG_2163.JPG.png.jpeg,2250,,2400,,,IMG_2163.JPG.png.jpeg,
маленькая-IMG_2164,маленькая,маленькая-IMG_2164,Керамическая кружка ручной работы!,Вся проходят двойную обработку и подходят для мойки в посудомоечной машине и разогревания в микроволновой печи!,https://ikondor.github.io/mawave/output/2250/IMG_2164.JPG.png.jpeg,2250,,2400,,,IMG_2164.JPG.png.jpeg,
маленькая-IMG_2165,маленькая,маленькая-IMG_2165,Керамическая кружка ручной работы!,Вся проходят двойную обработку и подходят для мойки в посудомоечной машине и разогревания в микроволновой печи!,https://ikondor.github.io/mawave/output/2250/IMG_2165.JPG.png.jpeg,2250,,2400,,,IMG_2165.JPG.png.jpeg,
маленькая-IMG_2166,маленькая,маленькая-IMG_2166,Керамическая кружка ручной работы!,Вся проходят двойную обработку и подходят для мойки в посудомоечной машине и разогревания в микроволновой печи!,https://ikondor.github.io/mawave/output/2250/IMG_2166.JPG.png.jpeg,2250,,2400,,,IMG_2166.JPG.png.jpeg,
маленькая-IMG_2167,маленькая,маленькая-IMG_2167,Керамическая кружка ручной работы!,Вся проходят двойную обработку и подходят для мойки в посудомоечной машине и разогревания в микроволновой печи!,https://ikondor.github.io/mawave/output/2250/IMG_2167.JPG.png.jpeg,2250,,2400,,,IMG_2167.JPG.png.jpeg,
маленькая-IMG_2168,маленькая,маленькая-IMG_2168,Керамическая кружка ручной работы!,Вся проходят двойную обработку и подходят для мойки в посудомоечной машине и разогревания в микроволновой печи!,https://ikondor.github.io/mawave/output/2250/IMG_2168.JPG.png.jpeg,2250,,2400,,,IMG_2168.JPG.png.jpeg,
маленькая-IMG_2169,маленькая,маленькая-IMG_2169,Керамическая кружка ручной работы!,Вся проходят двойную обработку и подходят для мойки в посудомоечной машине и разогревания в микроволновой печи!,https://ikondor.github.io/mawave/output/2250/IMG_2169.JPG.png.jpeg,2250,,2400,,,IMG_2169.JPG.png.jpeg,
маленькая-IMG_2170,маленькая,маленькая-IMG_2170,Керамическая кружка ручной работы!,Вся проходят двойную обработку и подходят для мойки в посудомоечной машине и разогревания в микроволновой печи!,https://ikondor.github.io/mawave/output/2250/IMG_2170.JPG.png.jpeg,2250,,2400,,,IMG_2170.JPG.png.jpeg,
маленькая-IMG_2171,маленькая,маленькая-IMG_2171,Керамическая кружка ручной работы!,Вся проходят двойную обработку и подходят для мойки в посудомоечной машине и разогревания в микроволновой печи!,https://ikondor.github.io/mawave/output/2250/IMG_2171.JPG.png.jpeg,2250,,2400,,,IMG_2171.JPG.png.jpeg,
маленькая-IMG_2172,маленькая,маленькая-IMG_2172,Керамическая кружка ручной работы!,Вся проходят двойную обработку и подходят для мойки в посудомоечной машине и разогревания в микроволновой печи!,https://ikondor.github.io/mawave/output/2250/IMG_2172.JPG.png.jpeg,2250,,2400,,,IMG_2172.JPG.png.jpeg,
маленькая-IMG_2173,маленькая,маленькая-IMG_2173,Керамическая кружка ручной работы!,Вся проходят двойную обработку и подходят для мойки в посудомоечной машине и разогревания в микроволновой печи!,https://ikondor.github.io/mawave/output/2250/IMG_2173.JPG.png.jpeg,2250,,2400,,,IMG_2173.JPG.png.jpeg,
маленькая-IMG_2174,маленькая,маленькая-IMG_2174,Керамическая кружка ручной работы!,Вся проходят двойную обработку и подходят для мойки в посудомоечной машине и разогревания в микроволновой печи!,https://ikondor.github.io/mawave/output/2250/IMG_2174.JPG.png.jpeg,2250,,2400,,,IMG_2174.JPG.png.jpeg,
маленькая-IMG_2175,маленькая,маленькая-IMG_2175,Керамическая кружка ручной работы!,Вся проходят двойную обработку и подходят для мойки в посудомоечной машине и разогревания в микроволновой печи!,https://ikondor.github.io/mawave/output/2250/IMG_2175.JPG.png.jpeg,2250,,2400,,,IMG_2175.JPG.png.jpeg,
маленькая-IMG_2176,маленькая,маленькая-IMG_2176,Керамическая кружка ручной работы!,Вся проходят двойную обработку и подходят для мойки в посудомоечной машине и разогревания в микроволновой печи!,https://ikondor.github.io/mawave/output/2250/IMG_2176.JPG.png.jpeg,2250,,2400,,,IMG_2176.JPG.png.jpeg,
маленькая-IMG_2177,маленькая,маленькая-IMG_2177,Керамическая кружка ручной работы!,Вся проходят двойную обработку и подходят для мойки в посудомоечной машине и разогревания в микроволновой печи!,https://ikondor.github.io/mawave/output/2250/IMG_2177.JPG.png.jpeg,2250,,2400,,,IMG_2177.JPG.png.jpeg,
маленькая-IMG_2178,маленькая,маленькая-IMG_2178,Керамическая кружка ручной работы!,Вся проходят двойную обработку и подходят для мойки в посудомоечной машине и разогревания в микроволновой печи!,https://ikondor.github.io/mawave/output/2250/IMG_2178.JPG.png.jpeg,2250,,2400,,,IMG_2178.JPG.png.jpeg,
маленькая-IMG_2179,маленькая,маленькая-IMG_2179,Керамическая кружка ручной работы!,Вся проходят двойную обработку и подходят для мойки в посудомоечной машине и разогревания в микроволновой печи!,https://ikondor.github.io/mawave/output/2250/IMG_2179.JPG.png.jpeg,2250,,2400,,,IMG_2179.JPG.png.jpeg,
маленькая-IMG_2180,маленькая,маленькая-IMG_2180,Керамическая кружка ручной работы!,Вся проходят двойную обработку и подходят для мойки в посудомоечной машине и разогревания в микроволновой печи!,https://ikondor.github.io/mawave/output/2250/IMG_2180.JPG.png.jpeg,2250,,2400,,,IMG_2180.JPG.png.jpeg,
маленькая-IMG_2181,маленькая,маленькая-IMG_2181,Керамическая кружка ручной работы!,Вся проходят двойную обработку и подходят для мойки в посудомоечной машине и разогревания в микроволновой печи!,https://ikondor.github.io/mawave/output/2250/IMG_2181.JPG.png.jpeg,2250,,2400,,,IMG_2181.JPG.png.jpeg,
маленькая-IMG_2182,маленькая,маленькая-IMG_2182,Керамическая кружка ручной работы!,Вся проходят двойную обработку и подходят для мойки в посудомоечной машине и разогревания в микроволновой печи!,https://ikondor.github.io/mawave/output/2250/IMG_2182.JPG.png.jpeg,2250,,2400,,,IMG_2182.JPG.png.jpeg,
маленькая-IMG_2183,маленькая,маленькая-IMG_2183,Керамическая кружка ручной работы!,Вся проходят двойную обработку и подходят для мойки в посудомоечной машине и разогревания в микроволновой печи!,https://ikondor.github.io/mawave/output/2250/IMG_2183.JPG.png.jpeg,2250,,2400,,,IMG_2183.JPG.png.jpeg,
маленькая-IMG_2184,маленькая,маленькая-IMG_2184,Керамическая кружка ручной работы!,Вся проходят двойную обработку и подходят для мойки в посудомоечной машине и разогревания в микроволновой печи!,https://ikondor.github.io/mawave/output/2250/IMG_2184.JPG.png.jpeg,2250,,2400,,,IMG_2184.JPG.png.jpeg,
маленькая-IMG_2186,маленькая,маленькая-IMG_2186,Керамическая кружка ручной работы!,Вся проходят двойную обработку и подходят для мойки в посудомоечной машине и разогревания в микроволновой печи!,https://ikondor.github.io/mawave/output/2250/IMG_2186.JPG.png.jpeg,2250,,2400,,,IMG_2186.JPG.png.jpeg,
маленькая-IMG_2195,маленькая,маленькая-IMG_2195,Керамическая кружка ручной работы!,Вся проходят двойную обработку и подходят для мойки в посудомоечной машине и разогревания в микроволновой печи!,https://ikondor.github.io/mawave/output/2250/IMG_2195.JPG.png.jpeg,2250,,2400,,,IMG_2195.JPG.png.jpeg,
маленькая-IMG_2277,маленькая,маленькая-IMG_2277,Керамическая кружка ручной работы!,Вся проходят двойную обработку и подходят для мойки в посудомоечной машине и разогревания в микроволновой печи!,https://ikondor.github.io/mawave/output/2250/IMG_2277.JPG.png.jpeg,2250,,2400,,,IMG_2277.JPG.png.jpeg,
маленькая-IMG_2288,маленькая,маленькая-IMG_2288,Керамическая кружка ручной работы!,Вся проходят двойную обработку и подходят для мойки в посудомоечной машине и разогревания в микроволновой печи!,https://ikondor.github.io/mawave/output/2250/IMG_2288.JPG.png.jpeg,2250,,2400,,,IMG_2288.JPG.png.jpeg,
средняя-IMG_2185,средняя,средняя-IMG_2185,Керамическая кружка ручной работы!,Вся проходят двойную обработку и подходят для мойки в посудомоечной машине и разогревания в микроволновой печи!,https://ikondor.github.io/mawave/output/2350/IMG_2185.JPG.png.jpeg,2350,,2500,,,IMG_2185.JPG.png.jpeg,
средняя-IMG_2187,средняя,средняя-IMG_2187,Керамическая кружка ручной работы!,Вся проходят двойную обработку и подходят для мойки в посудомоечной машине и разогревания в микроволновой печи!,https://ikondor.github.io/mawave/output/2350/IMG_2187.JPG.png.jpeg,2350,,2500,,,IMG_2187.JPG.png.jpeg,
средняя-IMG_2188,средняя,средняя-IMG_2188,Керамическая кружка ручной работы!,Вся проходят двойную обработку и подходят для мойки в посудомоечной машине и разогревания в микроволновой печи!,https://ikondor.github.io/mawave/output/2350/IMG_2188.JPG.png.jpeg,2350,,2500,,,IMG_2188.JPG.png.jpeg,
средняя-IMG_2189,средняя,средняя-IMG_2189,Керамическая кружка ручной работы!,Вся проходят двойную обработку и подходят для мойки в посудомоечной машине и разогревания в микроволновой печи!,https://ikondor.github.io/mawave/output/2350/IMG_2189.JPG.png.jpeg,2350,,2500,,,IMG_2189.JPG.png.jpeg,
средняя-IMG_2190,средняя,средняя-IMG_2190,Керамическая кружка ручной работы!,Вся проходят двойную обработку и подходят для мойки в посудомоечной машине и разогревания в микроволновой печи!,https://ikondor.github.io/mawave/output/2350/IMG_2190.JPG.png.jpeg,2350,,2500,,,IMG_2190.JPG.png.jpeg,
средняя-IMG_2191,средняя,средняя-IMG_2191,Керамическая кружка ручной работы!,Вся проходят двойную обработку и подходят для мойки в посудомоечной машине и разогревания в микроволновой печи!,https://ikondor.github.io/mawave/output/2350/IMG_2191.JPG.png.jpeg,2350,,2500,,,IMG_2191.JPG.png.jpeg,
средняя-IMG_2192,средняя,средняя-IMG_2192,Керамическая кружка ручной работы!,Вся проходят двойную обработку и подходят для мойки в посудомоечной машине и разогревания в микроволновой печи!,https://ikondor.github.io/mawave/output/2350/IMG_2192.JPG.png.jpeg,2350,,2500,,,IMG_2192.JPG.png.jpeg,
средняя-IMG_2193,средняя,средняя-IMG_2193,Керамическая кружка ручной работы!,Вся проходят двойную обработку и подходят для мойки в посудомоечной машине и разогревания в микроволновой печи!,https://ikondor.github.io/mawave/output/2350/IMG_2193.JPG.png.jpeg,2350,,2500,,,IMG_2193.JPG.png.jpeg,
средняя-IMG_2194,средняя,средняя-IMG_2194,Керамическая кружка ручной работы!,Вся проходят двойную обработку и подходят для мойки в посудомоечной машине и разогревания в микроволновой печи!,https://ikondor.github.io/mawave/output/2350/IMG_2194.JPG.png.jpeg,2350,,2500,,,IMG_2194.JPG.png.jpeg,
средняя-IMG_2196,средняя,средняя-IMG_2196,Керамическая кружка ручной работы!,Вся проходят двойную обработку и подходят для мойки в посудомоечной машине и разогревания в микроволновой печи!,https://ikondor.github.io/mawave/output/2350/IMG_2196.JPG.png.jpeg,2350,,2500,,,IMG_2196.JPG.png.jpeg,
средняя-IMG_2197,средняя,средняя-IMG_2197,Керамическая кружка ручной работы!,Вся проходят двойную обработку и подходят для мойки в посудомоечной машине и разогревания в микроволновой печи!,https://ikondor.github.io/mawave/output/2350/IMG_2197.JPG.png.jpeg,2350,,2500,,,IMG_2197.JPG.png.jpeg,
средняя-IMG_2198,средняя,средняя-IMG_2198,Керамическая кружка ручной работы!,Вся проходят двойную обработку и подходят для мойки в посудомоечной машине и разогревания в микроволновой печи!,https://ikondor.github.io/mawave/output/2350/IMG_2198.JPG.png.jpeg,2350,,2500,,,IMG_2198.JPG.png.jpeg,
средняя-IMG_2199,средняя,средняя-IMG_2199,Керамическая кружка ручной работы!,Вся проходят двойную обработку и подходят для мойки в посудомоечной машине и разогревания в микроволновой печи!,https://ikondor.github.io/mawave/output/2350/IMG_2199.JPG.png.jpeg,2350,,2500,,,IMG_2199.JPG.png.jpeg,
средняя-IMG_2200,средняя,средняя-IMG_2200,Керамическая кружка ручной работы!,Вся проходят двойную обработку и подходят для мойки в посудомоечной машине и разогревания в микроволновой печи!,https://ikondor.github.io/mawave/output/2350/IMG_2200.JPG.png.jpeg,2350,,2500,,,IMG_2200.JPG.png.jpeg,
средняя-IMG_2201,средняя,средняя-IMG_2201,Керамическая кружка ручной работы!,Вся проходят двойную обработку и подходят для мойки в посудомоечной машине и разогревания в микроволновой печи!,https://ikondor.github.io/mawave/output/2350/IMG_2201.JPG.png.jpeg,2350,,2500,,,IMG_2201.JPG.png.jpeg,
средняя-IMG_2202,средняя,средняя-IMG_2202,Керамическая кружка ручной работы!,Вся проходят двойную обработку и подходят для мойки в посудомоечной машине и разогревания в микроволновой печи!,https://ikondor.github.io/mawave/output/2350/IMG_2202.JPG.png.jpeg,2350,,2500,,,IMG_2202.JPG.png.jpeg,
средняя-IMG_2203,средняя,средняя-IMG_2203,Керамическая кружка ручной работы!,Вся проходят двойную обработку и подходят для мойки в посудомоечной машине и разогревания в микроволновой печи!,https://ikondor.github.io/mawave/output/2350/IMG_2203.JPG.png.jpeg,2350,,2500,,,IMG_2203.JPG.png.jpeg,
средняя-IMG_2204,средняя,средняя-IMG_2204,Керамическая кружка ручной работы!,Вся проходят двойную обработку и подходят для мойки в посудомоечной машине и разогревания в микроволновой печи!,https://ikondor.github.io/mawave/output/2350/IMG_2204.JPG.png.jpeg,2350,,2500,,,IMG_2204.JPG.png.jpeg,
средняя-IMG_2205,средняя,средняя-IMG_2205,Керамическая кружка ручной работы!,Вся проходят двойную обработку и подходят для мойки в посудомоечной машине и разогревания в микроволновой печи!,https://ikondor.github.io/mawave/output/2350/IMG_2205.JPG.png.jpeg,2350,,2500,,,IMG_2205.JPG.png.jpeg,
средняя-IMG_2206,средняя,средняя-IMG_2206,Керамическая кружка ручной работы!,Вся проходят двойную обработку и подходят для мойки в посудомоечной машине и разогревания в микроволновой печи!,https://ikondor.github.io/mawave/output/2350/IMG_2206.JPG.png.jpeg,2350,,2500,,,IMG_2206.JPG.png.jpeg,
средняя-IMG_2207,средняя,средняя-IMG_2207,Керамическая кружка ручной работы!,Вся проходят двойную обработку и подходят для мойки в посудомоечной машине и разогревания в микроволновой печи!,https://ikondor.github.io/mawave/output/2350/IMG_2207.JPG.png.jpeg,2350,,2500,,,IMG_2207.JPG.png.jpeg,
средняя-IMG_2208,средняя,средняя-IMG_2208,Керамическая кружка ручной работы!,Вся проходят двойную обработку и подходят для мойки в посудомоечной машине и разогревания в микроволновой печи!,https://ikondor.github.io/mawave/output/2350/IMG_2208.JPG.png.jpeg,2350,,2500,,,IMG_2208.JPG.png.jpeg,
средняя-IMG_2209,средняя,средняя-IMG_2209,Керамическая кружка ручной работы!,Вся проходят двойную обработку и подходят для мойки в посудомоечной машине и разогревания в микроволновой печи!,https://ikondor.github.io/mawave/output/2350/IMG_2209.JPG.png.jpeg,2350,,2500,,,IMG_2209.JPG.png.jpeg,
средняя-IMG_2210,средняя,средняя-IMG_2210,Керамическая кружка ручной работы!,Вся проходят двойную обработку и подходят для мойки в посудомоечной машине и разогревания в микроволновой печи!,https://ikondor.github.io/mawave/output/2350/IMG_2210.JPG.png.jpeg,2350,,2500,,,IMG_2210.JPG.png.jpeg,
средняя-IMG_2211,средняя,средняя-IMG_2211,Керамическая кружка ручной работы!,Вся проходят двойную обработку и подходят для мойки в посудомоечной машине и разогревания в микроволновой печи!,https://ikondor.github.io/mawave/output/2350/IMG_2211.JPG.png.jpeg,2350,,2500,,,IMG_2211.JPG.png.jpeg,
средняя-IMG_2212,средняя,средняя-IMG_2212,Керамическая кружка ручной работы!,Вся проходят двойную обработку и подходят для мойки в посудомоечной машине и разогревания в микроволновой печи!,https://ikondor.github.io/mawave/output/2350/IMG_2212.JPG.png.jpeg,2350,,2500,,,IMG_2212.JPG.png.jpeg,
средняя-IMG_2213,средняя,средняя-IMG_2213,Керамическая кружка ручной работы!,Вся проходят двойную обработку и подходят для мойки в посудомоечной машине и разогревания в микроволновой печи!,https://ikondor.github.io/mawave/output/2350/IMG_2213.JPG.png.jpeg,2350,,2500,,,IMG_2213.JPG.png.jpeg,
средняя-IMG_2214,средняя,средняя-IMG_2214,Керамическая кружка ручной работы!,Вся проходят двойную обработку и подходят для мойки в посудомоечной машине и разогревания в микроволновой печи!,https://ikondor.github.io/mawave/output/2350/IMG_2214.JPG.png.jpeg,2350,,2500,,,IMG_2214.JPG.png.jpeg,
средняя-IMG_2215,средняя,средняя-IMG_2215,Керамическая кружка ручной работы!,Вся проходят двойную обработку и подходят для мойки в посудомоечной машине и разогревания в микроволновой печи!,https://ikondor.github.io/mawave/output/2350/IMG_2215.JPG.png.jpeg,2350,,2500,,,IMG_2215.JPG.png.jpeg,
средняя-IMG_2216,средняя,средняя-IMG_2216,Керамическая кружка ручной работы!,Вся проходят двойную обработку и подходят для мойки в посудомоечной машине и разогревания в микроволновой печи!,https://ikondor.github.io/mawave/output/2350/IMG_2216.JPG.png.jpeg,2350,,2500,,,IMG_2216.JPG.png.jpeg,
средняя-IMG_2217,средняя,средняя-IMG_2217,Керамическая кружка ручной работы!,Вся проходят двойную обработку и подходят для мойки в посудомоечной машине и разогревания в микроволновой печи!,https://ikondor.github.io/mawave/output/2350/IMG_2217.JPG.png.jpeg,2350,,2500,,,IMG_2217.JPG.png.jpeg,
средняя-IMG_2218,средняя,средняя-IMG_2218,Керамическая кружка ручной работы!,Вся проходят двойную обработку и подходят для мойки в посудомоечной машине и разогревания в микроволновой печи!,https://ikondor.github.io/mawave/output/2350/IMG_2218.JPG.png.jpeg,2350,,2500,,,IMG_2218.JPG.png.jpeg,
средняя-IMG_2219,средняя,средняя-IMG_2219,Керамическая кружка ручной работы!,Вся проходят двойную обработку и подходят для мойки в посудомоечной машине и разогревания в микроволновой печи!,https://ikondor.github.io/mawave/output/2350/IMG_2219.JPG.png.jpeg,2350,,2500,,,IMG_2219.JPG.png.jpeg,
средняя-IMG_2220,средняя,средняя-IMG_2220,Керамическая кружка ручной работы!,Вся проходят двойную обработку и подходят для мойки в посудомоечной машине и разогревания в микроволновой печи!,https://ikondor.github.io/mawave/output/2350/IMG_2220.JPG.png.jpeg,2350,,2500,,,IMG_2220.JPG.png.jpeg,
средняя-IMG_2221,средняя,средняя-IMG_2221,Керамическая кружка ручной работы!,Вся проходят двойную обработку и подходят для мойки в посудомоечной машине и разогревания в микроволновой печи!,https://ikondor.github.io/mawave/output/2350/IMG_2221.JPG.png.jpeg,2350,,2500,,,IMG_2221.JPG.png.jpeg,
средняя-IMG_2222,средняя,средняя-IMG_2222,Керамическая кружка ручной работы!,Вся проходят двойную обработку и подходят для мойки в посудомоечной машине и разогревания в микроволновой печи!,https://ikondor.github.io/mawave/output/2350/IMG_2222.JPG.png.jpeg,2350,,2500,,,IMG_2222.JPG.png.jpeg,
средняя-IMG_2223,средняя,средняя-IMG_2223,Керамическая кружка ручной работы!,Вся проходят двойную обработку и подходят для мойки в посудомоечной машине и разогревания в микроволновой печи!,https://ikondor.github.io/mawave/output/2350/IMG_2223.JPG.png.jpeg,2350,,2500,,,IMG_2223.JPG.png.jpeg,
средняя-IMG_2224,средняя,средняя-IMG_2224,Керамическая кружка ручной работы!,Вся проходят двойную обработку и подходят для мойки в посудомоечной машине и разогревания в микроволновой печи!,https://ikondor.github.io/mawave/output/2350/IMG_2224.JPG.png.jpeg,2350,,2500,,,IMG_2224.JPG.png.jpeg,
средняя-IMG_2225,средняя,средняя-IMG_2225,Керамическая кружка ручной работы!,Вся проходят двойную обработку и подходят для мойки в посудомоечной машине и разогревания в микроволновой печи!,https://ikondor.github.io/mawave/output/2350/IMG_2225.JPG.png.jpeg,2350,,2500,,,IMG_2225.JPG.png.jpeg,
средняя-IMG_2226,средняя,средняя-IMG_2226,Керамическая кружка ручной работы!,Вся проходят двойную обработку и подходят для мойки в посудомоечной машине и разогревания в микроволновой печи!,https://ikondor.github.io/mawave/output/2350/IMG_2226.JPG.png.jpeg,2350,,2500,,,IMG_2226.JPG.png.jpeg,
средняя-IMG_2227,средняя,средняя-IMG_2227,Керамическая кружка ручной работы!,Вся проходят двойную обработку и подходят для мойки в посудомоечной машине и разогревания в микроволновой печи!,https://ikondor.github.io/mawave/output/2350/IMG_2227.JPG.png.jpeg,2350,,2500,,,IMG_2227.JPG.png.jpeg,
средняя-IMG_2228,средняя,средняя-IMG_2228,Керамическая кружка ручной работы!,Вся проходят двойную обработку и подходят для мойки в посудомоечной машине и разогревания в микроволновой печи!,https://ikondor.github.io/mawave/output/2350/IMG_2228.JPG.png.jpeg,2350,,2500,,,IMG_2228.JPG.png.jpeg,
средняя-IMG_2229,средняя,средняя-IMG_2229,Керамическая кружка ручной работы!,Вся проходят двойную обработку и подходят для мойки в посудомоечной машине и разогревания в микроволновой печи!,https://ikondor.github.io/mawave/output/2350/IMG_2229.JPG.png.jpeg,2350,,2500,,,IMG_2229.JPG.png.jpeg,
средняя-IMG_2230,средняя,средняя-IMG_2230,Керамическая кружка ручной работы!,Вся проходят двойную обработку и подходят для мойки в посудомоечной машине и разогревания в микроволновой печи!,https://ikondor.github.io/mawave/output/2350/IMG_2230.JPG.png.jpeg,2350,,2500,,,IMG_2230.JPG.png.jpeg,
средняя-IMG_2231,средняя,средняя-IMG_2231,Керамическая кружка ручной работы!,Вся проходят двойную обработку и подходят для мойки в посудомоечной машине и разогревания в микроволновой печи!,https://ikondor.github.io/mawave/output/2350/IMG_2231.JPG.png.jpeg,2350,,2500,,,IMG_2231.JPG.png.jpeg,
средняя-IMG_2232,средняя,средняя-IMG_2232,Керамическая кружка ручной работы!,Вся проходят двойную обработку и подходят для мойки в посудомоечной машине и разогревания в микроволновой печи!,https://ikondor.github.io/mawave/output/2350/IMG_2232.JPG.png.jpeg,2350,,2500,,,IMG_2232.JPG.png.jpeg,
средняя-IMG_2233,средняя,средняя-IMG_2233,Керамическая кружка ручной работы!,Вся проходят двойную обработку и подходят для мойки в посудомоечной машине и разогревания в микроволновой печи!,https://ikondor.github.io/mawave/output/2350/IMG_2233.JPG.png.jpeg,2350,,2500,,,IMG_2233.JPG.png.jpeg,
средняя-IMG_2234,средняя,средняя-IMG_2234,Керамическая кружка ручной работы!,Вся проходят двойную обработку и подходят для мойки в посудомоечной машине и разогревания в микроволновой печи!,https://ikondor.github.io/mawave/output/2350/IMG_2234.JPG.png.jpeg,2350,,2500,,,IMG_2234.JPG.png.jpeg,
средняя-IMG_2235,средняя,средняя-IMG_2235,Керамическая кружка ручной работы!,Вся проходят двойную обработку и подходят для мойки в посудомоечной машине и разогревания в микроволновой печи!,https://ikondor.github.io/mawave/output/2350/IMG_2235.JPG.png.jpeg,2350,,2500,,,IMG_2235.JPG.png.jpeg,
средняя-IMG_2236,средняя,средняя-IMG_2236,Керамическая кружка ручной работы!,Вся проходят двойную обработку и подходят для мойки в посудомоечной машине и разогревания в микроволновой печи!,https://ikondor.github.io/mawave/output/2350/IMG_2236.JPG.png.jpeg,2350,,2500,,,IMG_2236.JPG.png.jpeg,
средняя-IMG_2237,средняя,средняя-IMG_2237,Керамическая кружка ручной работы!,Вся проходят двойную обработку и подходят для мойки в посудомоечной машине и разогревания в микроволновой печи!,https://ikondor.github.io/mawave/output/2350/IMG_2237.JPG.png.jpeg,2350,,2500,,,IMG_2237.JPG.png.jpeg,
средняя-IMG_2238,средняя,средняя-IMG_2238,Керамическая кружка ручной работы!,Вся проходят двойную обработку и подходят для мойки в посудомоечной машине и разогревания в микроволновой печи!,https://ikondor.github.io/mawave/output/2350/IMG_2238.JPG.png.jpeg,2350,,2500,,,IMG_2238.JPG.png.jpeg,
средняя-IMG_2239,средняя,средняя-IMG_2239,Керамическая кружка ручной работы!,Вся проходят двойную обработку и подходят для мойки в посудомоечной машине и разогревания в микроволновой печи!,https://ikondor.github.io/mawave/output/2350/IMG_2239.JPG.png.jpeg,2350,,2500,,,IMG_2239.JPG.png.jpeg,
средняя-IMG_2240,средняя,средняя-IMG_2240,Керамическая кружка ручной работы!,Вся проходят двойную обработку и подходят для мойки в посудомоечной машине и разогревания в микроволновой печи!,https://ikondor.github.io/mawave/output/2350/IMG_2240.JPG.png.jpeg,2350,,2500,,,IMG_2240.JPG.png.jpeg,
средняя-IMG_2241,средняя,средняя-IMG_2241,Керамическая кружка ручной работы!,Вся проходят двойную обработку и подходят для мойки в посудомоечной машине и разогревания в микроволновой печи!,https://ikondor.github.io/mawave/output/2350/IMG_2241.JPG.png.jpeg,2350,,2500,,,IMG_2241.JPG.png.jpeg,
средняя-IMG_2242,средняя,средняя-IMG_2242,Керамическая кружка ручной работы!,Вся проходят двойную обработку и подходят для мойки в посудомоечной машине и разогревания в микроволновой печи!,https://ikondor.github.io/mawave/output/2350/IMG_2242.JPG.png.jpeg,2350,,2500,,,IMG_2242.JPG.png.jpeg,
средняя-IMG_2278,средняя,средняя-IMG_2278,Керамическая кружка ручной работы!,Вся проходят двойную обработку и подходят для мойки в посудомоечной машине и разогревания в микроволновой печи!,https://ikondor.github.io/mawave/output/2350/IMG_2278.JPG.png.jpeg,2350,,2500,,,IMG_2278.JPG.png.jpeg,
средняя-IMG_2279,средняя,средняя-IMG_2279,Керамическая кружка ручной работы!,Вся проходят двойную обработку и подходят для мойки в посудомоечной машине и разогревания в микроволновой печи!,https://ikondor.github.io/mawave/output/2350/IMG_2279.JPG.png.jpeg,2350,,2500,,,IMG_2279.JPG.png.jpeg,
средняя-IMG_2280,средняя,средняя-IMG_2280,Керамическая кружка ручной работы!,Вся проходят двойную обработку и подходят для мойки в посудомоечной машине и разогревания в микроволновой печи!,https://ikondor.github.io/mawave/output/2350/IMG_2280.JPG.png.jpeg,2350,,2500,,,IMG_2280.JPG.png.jpeg,
средняя-IMG_2281,средняя,средняя-IMG_2281,Керамическая кружка ручной работы!,Вся проходят двойную обработку и подходят для мойки в посудомоечной машине и разогревания в микроволновой печи!,https://ikondor.github.io/mawave/output/2350/IMG_2281.JPG.png.jpeg,2350,,2500,,,IMG_2281.JPG.png.jpeg,
средняя-IMG_2282,средняя,средняя-IMG_2282,Керамическая кружка ручной работы!,Вся проходят двойную обработку и подходят для мойки в посудомоечной машине и разогревания в микроволновой печи!,https://ikondor.github.io/mawave/output/2350/IMG_2282.JPG.png.jpeg,2350,,2500,,,IMG_2282.JPG.png.jpeg,
средняя-IMG_2283,средняя,средняя-IMG_2283,Керамическая кружка ручной работы!,Вся проходят двойную обработку и подходят для мойки в посудомоечной машине и разогревания в микроволновой печи!,https://ikondor.github.io/mawave/output/2350/IMG_2283.JPG.png.jpeg,2350,,2500,,,IMG_2283.JPG.png.jpeg,
средняя-IMG_2284,средняя,средняя-IMG_2284,Керамическая кружка ручной работы!,Вся проходят двойную обработку и подходят для мойки в посудомоечной машине и разогревания в микроволновой печи!,https://ikondor.github.io/mawave/output/2350/IMG_2284.JPG.png.jpeg,2350,,2500,,,IMG_2284.JPG.png.jpeg,
средняя-IMG_2285,средняя,средняя-IMG_2285,Керамическая кружка ручной работы!,Вся проходят двойную обработку и подходят для мойки в посудомоечной машине и разогревания в микроволновой печи!,https://ikondor.github.io/mawave/output/2350/IMG_2285.JPG.png.jpeg,2350,,2500,,,IMG_2285.JPG.png.jpeg,
средняя-IMG_2286,средняя,средняя-IMG_2286,Керамическая кружка ручной работы!,Вся проходят двойную обработку и подходят для мойки в посудомоечной машине и разогревания в микроволновой печи!,https://ikondor.github.io/mawave/output/2350/IMG_2286.JPG.png.jpeg,2350,,2500,,,IMG_2286.JPG.png.jpeg,
средняя-IMG_2287,средняя,средняя-IMG_2287,Керамическая кружка ручной работы!,Вся проходят двойную обработку и подходят для мойки в посудомоечной машине и разогревания в микроволновой печи!,https://ikondor.github.io/mawave/output/2350/IMG_2287.JPG.png.jpeg,2350,,2500,,,IMG_2287.JPG.png.jpeg,
средняя-IMG_2289,средняя,средняя-IMG_2289,Керамическая кружка ручной работы!,Вся проходят двойную обработку и подходят для мойки в посудомоечной машине и разогревания в микроволновой печи!,https://ikondor.github.io/mawave/output/2350/IMG_2289.JPG.png.jpeg,2350,,2500,,,IMG_2289.JPG.png.jpeg,
средняя-IMG_2290,средняя,средняя-IMG_2290,Керамическая кружка ручной работы!,Вся проходят двойную обработку и подходят для мойки в посудомоечной машине и разогревания в микроволновой печи!,https://ikondor.github.io/mawave/output/2350/IMG_2290.JPG.png.jpeg,2350,,2500,,,IMG_2290.JPG.png.jpeg,
средняя-IMG_2291,средняя,средняя-IMG_2291,Керамическая кружка ручной работы!,Вся проходят двойную обработку и подходят для мойки в посудомоечной машине и разогревания в микроволновой печи!,https://ikondor.github.io/mawave/output/2350/IMG_2291.JPG.png.jpeg,2350,,2500,,,IMG_2291.JPG.png.jpeg,
средняя-IMG_2294,средняя,средняя-IMG_2294,Керамическая кружка ручной работы!,Вся проходят двойную обработку и подходят для мойки в посудомоечной машине и разогревания в микроволновой печи!,https://ikondor.github.io/mawave/output/2350/IMG_2294.JPG.png.jpeg,2350,,2500,,,IMG_2294.JPG.png.jpeg,
средняя-IMG_2297,средняя,средняя-IMG_2297,Керамическая кружка ручной работы!,Вся проходят двойную обработку и подходят для мойки в посудомоечной машине и разогревания в микроволновой печи!,https://ikondor.github.io/mawave/output/2350/IMG_2297.JPG.png.jpeg,2350,,2500,,,IMG_2297.JPG.png.jpeg,
средняя-IMG_2298,средняя,средняя-IMG_2298,Керамическая кружка ручной работы!,Вся проходят двойную обработку и подходят для мойки в посудомоечной машине и разогревания в микроволновой печи!,https://ikondor.github.io/mawave/output/2350/IMG_2298.JPG.png.jpeg,2350,,2500,,,IMG_2298.JPG.png.jpeg,
средняя-IMG_2299,средняя,средняя-IMG_2299,Керамическая кружка ручной работы!,Вся проходят двойную обработку и подходят для мойки в посудомоечной машине и разогревания в микроволновой печи!,https://ikondor.github.io/mawave/output/2350/IMG_2299.JPG.png.jpeg,2350,,2500,,,IMG_2299.JPG.png.jpeg,
средняя-IMG_2300,средняя,средняя-IMG_2300,Керамическая кружка ручной работы!,Вся проходят двойную обработку и подходят для мойки в посудомоечной машине и разогревания в микроволновой печи!,https://ikondor.github.io/mawave/output/2350/IMG_2300.JPG.png.jpeg,2350,,2500,,,IMG_2300.JPG.png.jpeg,
средняя-IMG_2301,средняя,средняя-IMG_2301,Керамическая кружка ручной работы!,Вся проходят двойную обработку и подходят для мойки в посудомоечной машине и разогревания в микроволновой печи!,https://ikondor.github.io/mawave/output/2350/IMG_2301.JPG.png.jpeg,2350,,2500,,,IMG_2301.JPG.png.jpeg,
средняя-IMG_2302,средняя,средняя-IMG_2302,Керамическая кружка ручной работы!,Вся проходят двойную обработку и подходят для мойки в посудомоечной машине и разогревания в микроволновой печи!,https://ikondor.github.io/mawave/output/2350/IMG_2302.JPG.png.jpeg,2350,,2500,,,IMG_2302.JPG.png.jpeg,
средняя-IMG_2303,средняя,средняя-IMG_2303,Керамическая кружка ручной работы!,Вся проходят двойную обработку и подходят для мойки в посудомоечной машине и разогревания в микроволновой печи!,https://ikondor.github.io/mawave/output/2350/IMG_2303.JPG.png.jpeg,2350,,2500,,,IMG_2303.JPG.png.jpeg,
средняя-IMG_2304,средняя,средняя-IMG_2304,Керамическая кружка ручной работы!,Вся проходят двойную обработку и подходят для мойки в посудомоечной машине и разогревания в микроволновой печи!,https://ikondor.github.io/mawave/output/2350/IMG_2304.JPG.png.jpeg,2350,,2500,,,IMG_2304.JPG.png.jpeg,
средняя-IMG_2305,средняя,средняя-IMG_2305,Керамическая кружка ручной работы!,Вся проходят двойную обработку и подходят для мойки в посудомоечной машине и разогревания в микроволновой печи!,https://ikondor.github.io/mawave/output/2350/IMG_2305.JPG.png.jpeg,2350,,2500,,,IMG_2305.JPG.png.jpeg,
средняя-IMG_2306,средняя,средняя-IMG_2306,Керамическая кружка ручной работы!,Вся проходят двойную обработку и подходят для мойки в посудомоечной машине и разогревания в микроволновой печи!,https://ikondor.github.io/mawave/output/2350/IMG_2306.JPG.png.jpeg,2350,,2500,,,IMG_2306.JPG.png.jpeg,
средняя-IMG_2307,средняя,средняя-IMG_2307,Керамическая кружка ручной работы!,Вся проходят двойную обработку и подходят для мойки в посудомоечной машине и разогревания в микроволновой печи!,https://ikondor.github.io/mawave/output/2350/IMG_2307.JPG.png.jpeg,2350,,2500,,,IMG_2307.JPG.png.jpeg,
средняя-IMG_2308,средняя,средняя-IMG_2308,Керамическая кружка ручной работы!,Вся проходят двойную обработку и подходят для мойки в посудомоечной машине и разогревания в микроволновой печи!,https://ikondor.github.io/mawave/output/2350/IMG_2308.JPG.png.jpeg,2350,,2500,,,IMG_2308.JPG.png.jpeg,
средняя-IMG_2309,средняя,средняя-IMG_2309,Керамическая кружка ручной работы!,Вся проходят двойную обработку и подходят для мойки в посудомоечной машине и разогревания в микроволновой печи!,https://ikondor.github.io/mawave/output/2350/IMG_2309.JPG.png.jpeg,2350,,2500,,,IMG_2309.JPG.png.jpeg,
средняя-IMG_2310,средняя,средняя-IMG_2310,Керамическая кружка ручной работы!,Вся проходят двойную обработку и подходят для мойки в посудомоечной машине и разогревания в микроволновой печи!,https://ikondor.github.io/mawave/output/2350/IMG_2310.JPG.png.jpeg,2350,,2500,,,IMG_2310.JPG.png.jpeg,
средняя-IMG_2311,средняя,средняя-IMG_2311,Керамическая кружка ручной работы!,Вся проходят двойную обработку и подходят для мойки в посудомоечной машине и разогревания в микроволновой печи!,https://ikondor.github.io/mawave/output/2350/IMG_2311.JPG.png.jpeg,2350,,2500,,,IMG_2311.JPG.png.jpeg,
средняя-IMG_2312,средняя,средняя-IMG_2312,Керамическая кружка ручной работы!,Вся проходят двойную обработку и подходят для мойки в посудомоечной машине и разогревания в микроволновой печи!,https://ikondor.github.io/mawave/output/2350/IMG_2312.JPG.png.jpeg,2350,,2500,,,IMG_2312.JPG.png.jpeg,
средняя-IMG_2313,средняя,средняя-IMG_2313,Керамическая кружка ручной работы!,Вся проходят двойную обработку и подходят для мойки в посудомоечной машине и разогревания в микроволновой печи!,https://ikondor.github.io/mawave/output/2350/IMG_2313.JPG.png.jpeg,2350,,2500,,,IMG_2313.JPG.png.jpeg,
средняя-IMG_2314,средняя,средняя-IMG_2314,Керамическая кружка ручной работы!,Вся проходят двойную обработку и подходят для мойки в посудомоечной машине и разогревания в микроволновой печи!,https://ikondor.github.io/mawave/output/2350/IMG_2314.JPG.png.jpeg,2350,,2500,,,IMG_2314.JPG.png.jpeg,
средняя-IMG_2315,средняя,средняя-IMG_2315,Керамическая кружка ручной работы!,Вся проходят двойную обработку и подходят для мойки в посудомоечной машине и разогревания в микроволновой печи!,https://ikondor.github.io/mawave/output/2350/IMG_2315.JPG.png.jpeg,2350,,2500,,,IMG_2315.JPG.png.jpeg,
средняя-IMG_2316,средняя,средняя-IMG_2316,Керамическая кружка ручной работы!,Вся проходят двойную обработку и подходят для мойки в посудомоечной машине и разогревания в микроволновой печи!,https://ikondor.github.io/mawave/output/2350/IMG_2316.JPG.png.jpeg,2350,,2500,,,IMG_2316.JPG.png.jpeg,
средняя-IMG_2317,средняя,средняя-IMG_2317,Керамическая кружка ручной работы!,Вся проходят двойную обработку и подходят для мойки в посудомоечной машине и разогревания в микроволновой печи!,https://ikondor.github.io/mawave/output/2350/IMG_2317.JPG.png.jpeg,2350,,2500,,,IMG_2317.JPG.png.jpeg,
средняя-IMG_2318,средняя,средняя-IMG_2318,Керамическая кружка ручной работы!,Вся проходят двойную обработку и подходят для мойки в посудомоечной машине и разогревания в микроволновой печи!,https://ikondor.github.io/mawave/output/2350/IMG_2318.JPG.png.jpeg,2350,,2500,,,IMG_2318.JPG.png.jpeg,
средняя-IMG_2321,средняя,средняя-IMG_2321,Керамическая кружка ручной работы!,Вся проходят двойную обработку и подходят для мойки в посудомоечной машине и разогревания в микроволновой печи!,https://ikondor.github.io/mawave/output/2350/IMG_2321.JPG.png.jpeg,2350,,2500,,,IMG_2321.JPG.png.jpeg,
средняя-IMG_2322,средняя,средняя-IMG_2322,Керамическая кружка ручной работы!,Вся проходят двойную обработку и подходят для мойки в посудомоечной машине и разогревания в микроволновой печи!,https://ikondor.github.io/mawave/output/2350/IMG_2322.JPG.png.jpeg,2350,,2500,,,IMG_2322.JPG.png.jpeg,
средняя-IMG_2323,средняя,средняя-IMG_2323,Керамическая кружка ручной работы!,Вся проходят двойную обработку и подходят для мойки в посудомоечной машине и разогревания в микроволновой печи!,https://ikondor.github.io/mawave/output/2350/IMG_2323.JPG.png.jpeg,2350,,2500,,,IMG_2323.JPG.png.jpeg,
средняя-IMG_2324,средняя,средняя-IMG_2324,Керамическая кружка ручной работы!,Вся проходят двойную обработку и подходят для мойки в посудомоечной машине и разогревания в микроволновой печи!,https://ikondor.github.io/mawave/output/2350/IMG_2324.JPG.png.jpeg,2350,,2500,,,IMG_2324.JPG.png.jpeg,
средняя-IMG_2325,средняя,средняя-IMG_2325,Керамическая кружка ручной работы!,Вся проходят двойную обработку и подходят для мойки в посудомоечной машине и разогревания в микроволновой печи!,https://ikondor.github.io/mawave/output/2350/IMG_2325.JPG.png.jpeg,2350,,2500,,,IMG_2325.JPG.png.jpeg,
средняя-IMG_2326,средняя,средняя-IMG_2326,Керамическая кружка ручной работы!,Вся проходят двойную обработку и подходят для мойки в посудомоечной машине и разогревания в микроволновой печи!,https://ikondor.github.io/mawave/output/2350/IMG_2326.JPG.png.jpeg,2350,,2500,,,IMG_2326.JPG.png.jpeg,
средняя-IMG_2327,средняя,средняя-IMG_2327,Керамическая кружка ручной работы!,Вся проходят двойную обработку и подходят для мойки в посудомоечной машине и разогревания в микроволновой печи!,https://ikondor.github.io/mawave/output/2350/IMG_2327.JPG.png.jpeg,2350,,2500,,,IMG_2327.JPG.png.jpeg,
средняя-IMG_2328,средняя,средняя-IMG_2328,Керамическая кружка ручной работы!,Вся проходят двойную обработку и подходят для мойки в посудомоечной машине и разогревания в микроволновой печи!,https://ikondor.github.io/mawave/output/2350/IMG_2328.JPG.png.jpeg,2350,,2500,,,IMG_2328.JPG.png.jpeg,
средняя-IMG_2329,средняя,средняя-IMG_2329,Керамическая кружка ручной работы!,Вся проходят двойную обработку и подходят для мойки в посудомоечной машине и разогревания в микроволновой печи!,https://ikondor.github.io/mawave/output/2350/IMG_2329.JPG.png.jpeg,2350,,2500,,,IMG_2329.JPG.png.jpeg,
средняя-IMG_2330,средняя,средняя-IMG_2330,Керамическая кружка ручной работы!,Вся проходят двойную обработку и подходят для мойки в посудомоечной машине и разогревания в микроволновой печи!,https://ikondor.github.io/mawave/output/2350/IMG_2330.JPG.png.jpeg,2350,,2500,,,IMG_2330.JPG.png.jpeg,
средняя-IMG_2331,средняя,средняя-IMG_2331,Керамическая кружка ручной работы!,Вся проходят двойную обработку и подходят для мойки в посудомоечной машине и разогревания в микроволновой печи!,https://ikondor.github.io/mawave/output/2350/IMG_2331.JPG.png.jpeg,2350,,2500,,,IMG_2331.JPG.png.jpeg,
средняя-IMG_2332,средняя,средняя-IMG_2332,Керамическая кружка ручной работы!,Вся проходят двойную обработку и подходят для мойки в посудомоечной машине и разогревания в микроволновой печи!,https://ikondor.github.io/mawave/output/2350/IMG_2332.JPG.png.jpeg,2350,,2500,,,IMG_2332.JPG.png.jpeg,
средняя-IMG_2333,средняя,средняя-IMG_2333,Керамическая кружка ручной работы!,Вся проходят двойную обработку и подходят для мойки в посудомоечной машине и разогревания в микроволновой печи!,https://ikondor.github.io/mawave/output/2350/IMG_2333.JPG.png.jpeg,2350,,2500,,,IMG_2333.JPG.png.jpeg,
средняя-IMG_2344,средняя,средняя-IMG_2344,Керамическая кружка ручной работы!,Вся проходят двойную обработку и подходят для мойки в посудомоечной машине и разогревания в микроволновой печи!,https://ikondor.github.io/mawave/output/2350/IMG_2344.JPG.png.jpeg,2350,,2500,,,IMG_2344.JPG.png.jpeg,
большая-IMG_2243,большая,большая-IMG_2243,Керамическая кружка ручной работы!,Вся проходят двойную обработку и подходят для мойки в посудомоечной машине и разогревания в микроволновой печи!,https://ikondor.github.io/mawave/output/2500/IMG_2243.JPG.png.jpeg,2500,,2650,,,IMG_2243.JPG.png.jpeg,
большая-IMG_2244,большая,большая-IMG_2244,Керамическая кружка ручной работы!,Вся проходят двойную обработку и подходят для мойки в посудомоечной машине и разогревания в микроволновой печи!,https://ikondor.github.io/mawave/output/2500/IMG_2244.JPG.png.jpeg,2500,,2650,,,IMG_2244.JPG.png.jpeg,
большая-IMG_2245,большая,большая-IMG_2245,Керамическая кружка ручной работы!,Вся проходят двойную обработку и подходят для мойки в посудомоечной машине и разогревания в микроволновой печи!,https://ikondor.github.io/mawave/output/2500/IMG_2245.JPG.png.jpeg,2500,,2650,,,IMG_2245.JPG.png.jpeg,
большая-IMG_2246,большая,большая-IMG_2246,Керамическая кружка ручной работы!,Вся проходят двойную обработку и подходят для мойки в посудомоечной машине и разогревания в микроволновой печи!,https://ikondor.github.io/mawave/output/2500/IMG_2246.JPG.png.jpeg,2500,,2650,,,IMG_2246.JPG.png.jpeg,
большая-IMG_2247,большая,большая-IMG_2247,Керамическая кружка ручной работы!,Вся проходят двойную обработку и подходят для мойки в посудомоечной машине и разогревания в микроволновой печи!,https://ikondor.github.io/mawave/output/2500/IMG_2247.JPG.png.jpeg,2500,,2650,,,IMG_2247.JPG.png.jpeg,
большая-IMG_2248,большая,большая-IMG_2248,Керамическая кружка ручной работы!,Вся проходят двойную обработку и подходят для мойки в посудомоечной машине и разогревания в микроволновой печи!,https://ikondor.github.io/mawave/output/2500/IMG_2248.JPG.png.jpeg,2500,,2650,,,IMG_2248.JPG.png.jpeg,
большая-IMG_2249,большая,большая-IMG_2249,Керамическая кружка ручной работы!,Вся проходят двойную обработку и подходят для мойки в посудомоечной машине и разогревания в микроволновой печи!,https://ikondor.github.io/mawave/output/2500/IMG_2249.JPG.png.jpeg,2500,,2650,,,IMG_2249.JPG.png.jpeg,
большая-IMG_2250,большая,большая-IMG_2250,Керамическая кружка ручной работы!,Вся проходят двойную обработку и подходят для мойки в посудомоечной машине и разогревания в микроволновой печи!,https://ikondor.github.io/mawave/output/2500/IMG_2250.JPG.png.jpeg,2500,,2650,,,IMG_2250.JPG.png.jpeg,
большая-IMG_2251,большая,большая-IMG_2251,Керамическая кружка ручной работы!,Вся проходят двойную обработку и подходят для мойки в посудомоечной машине и разогревания в микроволновой печи!,https://ikondor.github.io/mawave/output/2500/IMG_2251.JPG.png.jpeg,2500,,2650,,,IMG_2251.JPG.png.jpeg,
большая-IMG_2252,большая,большая-IMG_2252,Керамическая кружка ручной работы!,Вся проходят двойную обработку и подходят для мойки в посудомоечной машине и разогревания в микроволновой печи!,https://ikondor.github.io/mawave/output/2500/IMG_2252.JPG.png.jpeg,2500,,2650,,,IMG_2252.JPG.png.jpeg,
большая-IMG_2253,большая,большая-IMG_2253,Керамическая кружка ручной работы!,Вся проходят двойную обработку и подходят для мойки в посудомоечной машине и разогревания в микроволновой печи!,https://ikondor.github.io/mawave/output/2500/IMG_2253.JPG.png.jpeg,2500,,2650,,,IMG_2253.JPG.png.jpeg,
большая-IMG_2254,большая,большая-IMG_2254,Керамическая кружка ручной работы!,Вся проходят двойную обработку и подходят для мойки в посудомоечной машине и разогревания в микроволновой печи!,https://ikondor.github.io/mawave/output/2500/IMG_2254.JPG.png.jpeg,2500,,2650,,,IMG_2254.JPG.png.jpeg,
большая-IMG_2255,большая,большая-IMG_2255,Керамическая кружка ручной работы!,Вся проходят двойную обработку и подходят для мойки в посудомоечной машине и разогревания в микроволновой печи!,https://ikondor.github.io/mawave/output/2500/IMG_2255.JPG.png.jpeg,2500,,2650,,,IMG_2255.JPG.png.jpeg,
большая-IMG_2256,большая,большая-IMG_2256,Керамическая кружка ручной работы!,Вся проходят двойную обработку и подходят для мойки в посудомоечной машине и разогревания в микроволновой печи!,https://ikondor.github.io/mawave/output/2500/IMG_2256.JPG.png.jpeg,2500,,2650,,,IMG_2256.JPG.png.jpeg,
большая-IMG_2257,большая,большая-IMG_2257,Керамическая кружка ручной работы!,Вся проходят двойную обработку и подходят для мойки в посудомоечной машине и разогревания в микроволновой печи!,https://ikondor.github.io/mawave/output/2500/IMG_2257.JPG.png.jpeg,2500,,2650,,,IMG_2257.JPG.png.jpeg,
большая-IMG_2258,большая,большая-IMG_2258,Керамическая кружка ручной работы!,Вся проходят двойную обработку и подходят для мойки в посудомоечной машине и разогревания в микроволновой печи!,https://ikondor.github.io/mawave/output/2500/IMG_2258.JPG.png.jpeg,2500,,2650,,,IMG_2258.JPG.png.jpeg,
большая-IMG_2259,большая,большая-IMG_2259,Керамическая кружка ручной работы!,Вся проходят двойную обработку и подходят для мойки в посудомоечной машине и разогревания в микроволновой печи!,https://ikondor.github.io/mawave/output/2500/IMG_2259.JPG.png.jpeg,2500,,2650,,,IMG_2259.JPG.png.jpeg,
большая-IMG_2260,большая,большая-IMG_2260,Керамическая кружка ручной работы!,Вся проходят двойную обработку и подходят для мойки в посудомоечной машине и разогревания в микроволновой печи!,https://ikondor.github.io/mawave/output/2500/IMG_2260.JPG.png.jpeg,2500,,2650,,,IMG_2260.JPG.png.jpeg,
большая-IMG_2261,большая,большая-IMG_2261,Керамическая кружка ручной работы!,Вся проходят двойную обработку и подходят для мойки в посудомоечной машине и разогревания в микроволновой печи!,https://ikondor.github.io/mawave/output/2500/IMG_2261.JPG.png.jpeg,2500,,2650,,,IMG_2261.JPG.png.jpeg,
большая-IMG_2262,большая,большая-IMG_2262,Керамическая кружка ручной работы!,Вся проходят двойную обработку и подходят для мойки в посудомоечной машине и разогревания в микроволновой печи!,https://ikondor.github.io/mawave/output/2500/IMG_2262.JPG.png.jpeg,2500,,2650,,,IMG_2262.JPG.png.jpeg,
большая-IMG_2263,большая,большая-IMG_2263,Керамическая кружка ручной работы!,Вся проходят двойную обработку и подходят для мойки в посудомоечной машине и разогревания в микроволновой печи!,https://ikondor.github.io/mawave/output/2500/IMG_2263.JPG.png.jpeg,2500,,2650,,,IMG_2263.JPG.png.jpeg,
большая-IMG_2264,большая,большая-IMG_2264,Керамическая кружка ручной работы!,Вся проходят двойную обработку и подходят для мойки в посудомоечной машине и разогревания в микроволновой печи!,https://ikondor.github.io/mawave/output/2500/IMG_2264.JPG.png.jpeg,2500,,2650,,,IMG_2264.JPG.png.jpeg,
большая-IMG_2265,большая,большая-IMG_2265,Керамическая кружка ручной работы!,Вся проходят двойную обработку и подходят для мойки в посудомоечной машине и разогревания в микроволновой печи!,https://ikondor.github.io/mawave/output/2500/IMG_2265.JPG.png.jpeg,2500,,2650,,,IMG_2265.JPG.png.jpeg,
большая-IMG_2266,большая,большая-IMG_2266,Керамическая кружка ручной работы!,Вся проходят двойную обработку и подходят для мойки в посудомоечной машине и разогревания в микроволновой печи!,https://ikondor.github.io/mawave/output/2500/IMG_2266.JPG.png.jpeg,2500,,2650,,,IMG_2266.JPG.png.jpeg,
большая-IMG_2267,большая,большая-IMG_2267,Керамическая кружка ручной работы!,Вся проходят двойную обработку и подходят для мойки в посудомоечной машине и разогревания в микроволновой печи!,https://ikondor.github.io/mawave/output/2500/IMG_2267.JPG.png.jpeg,2500,,2650,,,IMG_2267.JPG.png.jpeg,
большая-IMG_2268,большая,большая-IMG_2268,Керамическая кружка ручной работы!,Вся проходят двойную обработку и подходят для мойки в посудомоечной машине и разогревания в микроволновой печи!,https://ikondor.github.io/mawave/output/2500/IMG_2268.JPG.png.jpeg,2500,,2650,,,IMG_2268.JPG.png.jpeg,
большая-IMG_2269,большая,большая-IMG_2269,Керамическая кружка ручной работы!,Вся проходят двойную обработку и подходят для мойки в посудомоечной машине и разогревания в микроволновой печи!,https://ikondor.github.io/mawave/output/2500/IMG_2269.JPG.png.jpeg,2500,,2650,,,IMG_2269.JPG.png.jpeg,
большая-IMG_2270,большая,большая-IMG_2270,Керамическая кружка ручной работы!,Вся проходят двойную обработку и подходят для мойки в посудомоечной машине и разогревания в микроволновой печи!,https://ikondor.github.io/mawave/output/2500/IMG_2270.JPG.png.jpeg,2500,,2650,,,IMG_2270.JPG.png.jpeg,
большая-IMG_2271,большая,большая-IMG_2271,Керамическая кружка ручной работы!,Вся проходят двойную обработку и подходят для мойки в посудомоечной машине и разогревания в микроволновой печи!,https://ikondor.github.io/mawave/output/2500/IMG_2271.JPG.png.jpeg,2500,,2650,,,IMG_2271.JPG.png.jpeg,
большая-IMG_2272,большая,большая-IMG_2272,Керамическая кружка ручной работы!,Вся проходят двойную обработку и подходят для мойки в посудомоечной машине и разогревания в микроволновой печи!,https://ikondor.github.io/mawave/output/2500/IMG_2272.JPG.png.jpeg,2500,,2650,,,IMG_2272.JPG.png.jpeg,
большая-IMG_2273,большая,большая-IMG_2273,Керамическая кружка ручной работы!,Вся проходят двойную обработку и подходят для мойки в посудомоечной машине и разогревания в микроволновой печи!,https://ikondor.github.io/mawave/output/2500/IMG_2273.JPG.png.jpeg,2500,,2650,,,IMG_2273.JPG.png.jpeg,
большая-IMG_2274,большая,большая-IMG_2274,Керамическая кружка ручной работы!,Вся проходят двойную обработку и подходят для мойки в посудомоечной машине и разогревания в микроволновой печи!,https://ikondor.github.io/mawave/output/2500/IMG_2274.JPG.png.jpeg,2500,,2650,,,IMG_2274.JPG.png.jpeg,
большая-IMG_2275,большая,большая-IMG_2275,Керамическая кружка ручной работы!,Вся проходят двойную обработку и подходят для мойки в посудомоечной машине и разогревания в микроволновой печи!,https://ikondor.github.io/mawave/output/2500/IMG_2275.JPG.png.jpeg,2500,,2650,,,IMG_2275.JPG.png.jpeg,
большая-IMG_2276,большая,большая-IMG_2276,Керамическая кружка ручной работы!,Вся проходят двойную обработку и подходят для мойки в посудомоечной машине и разогревания в микроволновой печи!,https://ikondor.github.io/mawave/output/2500/IMG_2276.JPG.png.jpeg,2500,,2650,,,IMG_2276.JPG.png.jpeg,
большая-IMG_2292,большая,большая-IMG_2292,Керамическая кружка ручной работы!,Вся проходят двойную обработку и подходят для мойки в посудомоечной машине и разогревания в микроволновой печи!,https://ikondor.github.io/mawave/output/2500/IMG_2292.JPG.png.jpeg,2500,,2650,,,IMG_2292.JPG.png.jpeg,
большая-IMG_2293,большая,большая-IMG_2293,Керамическая кружка ручной работы!,Вся проходят двойную обработку и подходят для мойки в посудомоечной машине и разогревания в микроволновой печи!,https://ikondor.github.io/mawave/output/2500/IMG_2293.JPG.png.jpeg,2500,,2650,,,IMG_2293.JPG.png.jpeg,
большая-IMG_2295,большая,большая-IMG_2295,Керамическая кружка ручной работы!,Вся проходят двойную обработку и подходят для мойки в посудомоечной машине и разогревания в микроволновой печи!,https://ikondor.github.io/mawave/output/2500/IMG_2295.JPG.png.jpeg,2500,,2650,,,IMG_2295.JPG.png.jpeg,
большая-IMG_2296,большая,большая-IMG_2296,Керамическая кружка ручной работы!,Вся проходят двойную обработку и подходят для мойки в посудомоечной машине и разогревания в микроволновой печи!,https://ikondor.github.io/mawave/output/2500/IMG_2296.JPG.png.jpeg,2500,,2650,,,IMG_2296.JPG.png.jpeg,
большая-IMG_2319,большая,большая-IMG_2319,Керамическая кружка ручной работы!,Вся проходят двойную обработку и подходят для мойки в посудомоечной машине и разогревания в микроволновой печи!,https://ikondor.github.io/mawave/output/2500/IMG_2319.JPG.png.jpeg,2500,,2650,,,IMG_2319.JPG.png.jpeg,
большая-IMG_2320,большая,большая-IMG_2320,Керамическая кружка ручной работы!,Вся проходят двойную обработку и подходят для мойки в посудомоечной машине и разогревания в микроволновой печи!,https://ikondor.github.io/mawave/output/2500/IMG_2320.JPG.png.jpeg,2500,,2650,,,IMG_2320.JPG.png.jpeg,
большая-IMG_2334,большая,большая-IMG_2334,Керамическая кружка ручной работы!,Вся проходят двойную обработку и подходят для мойки в посудомоечной машине и разогревания в микроволновой печи!,https://ikondor.github.io/mawave/output/2500/IMG_2334.JPG.png.jpeg,2500,,2650,,,IMG_2334.JPG.png.jpeg,
большая-IMG_2335,большая,большая-IMG_2335,Керамическая кружка ручной работы!,Вся проходят двойную обработку и подходят для мойки в посудомоечной машине и разогревания в микроволновой печи!,https://ikondor.github.io/mawave/output/2500/IMG_2335.JPG.png.jpeg,2500,,2650,,,IMG_2335.JPG.png.jpeg,
большая-IMG_2336,большая,большая-IMG_2336,Керамическая кружка ручной работы!,Вся проходят двойную обработку и подходят для мойки в посудомоечной машине и разогревания в микроволновой печи!,https://ikondor.github.io/mawave/output/2500/IMG_2336.JPG.png.jpeg,2500,,2650,,,IMG_2336.JPG.png.jpeg,
большая-IMG_2337,большая,большая-IMG_2337,Керамическая кружка ручной работы!,Вся проходят двойную обработку и подходят для мойки в посудомоечной машине и разогревания в микроволновой печи!,https://ikondor.github.io/mawave/output/2500/IMG_2337.JPG.png.jpeg,2500,,2650,,,IMG_2337.JPG.png.jpeg,
большая-IMG_2338,большая,большая-IMG_2338,Керамическая кружка ручной работы!,Вся проходят двойную обработку и подходят для мойки в посудомоечной машине и разогревания в микроволновой печи!,https://ikondor.github.io/mawave/output/2500/IMG_2338.JPG.png.jpeg,2500,,2650,,,IMG_2338.JPG.png.jpeg,
большая-IMG_2339,большая,большая-IMG_2339,Керамическая кружка ручной работы!,Вся проходят двойную обработку и подходят для мойки в посудомоечной машине и разогревания в микроволновой печи!,https://ikondor.github.io/mawave/output/2500/IMG_2339.JPG.png.jpeg,2500,,2650,,,IMG_2339.JPG.png.jpeg,
большая-IMG_2340,большая,большая-IMG_2340,Керамическая кружка ручной работы!,Вся проходят двойную обработку и подходят для мойки в посудомоечной машине и разогревания в микроволновой печи!,https://ikondor.github.io/mawave/output/2500/IMG_2340.JPG.png.jpeg,2500,,2650,,,IMG_2340.JPG.png.jpeg,
большая-IMG_2341,большая,большая-IMG_2341,Керамическая кружка ручной работы!,Вся проходят двойную обработку и подходят для мойки в посудомоечной машине и разогревания в микроволновой печи!,https://ikondor.github.io/mawave/output/2500/IMG_2341.JPG.png.jpeg,2500,,2650,,,IMG_2341.JPG.png.jpeg,
большая-IMG_2342,большая,большая-IMG_2342,Керамическая кружка ручной работы!,Вся проходят двойную обработку и подходят для мойки в посудомоечной машине и разогревания в микроволновой печи!,https://ikondor.github.io/mawave/output/2500/IMG_2342.JPG.png.jpeg,2500,,2650,,,IMG_2342.JPG.png.jpeg,
большая-IMG_2343,большая,большая-IMG_2343,Керамическая кружка ручной работы!,Вся проходят двойную обработку и подходят для мойки в посудомоечной машине и разогревания в микроволновой печи!,https://ikondor.github.io/mawave/output/2500/IMG_2343.JPG.png.jpeg,2500,,2650,,,IMG_2343.JPG.png.jpeg,
прочее-IMG_2345,прочее,прочее-IMG_2345,Керамическая кружка ручной работы!,Вся проходят двойную обработку и подходят для мойки в посудомоечной машине и разогревания в микроволновой печи!,https://ikondor.github.io/mawave/output/kek/IMG_2345.JPG.png.jpeg,NaN,,NaN,,,IMG_2345.JPG.png.jpeg,
прочее-IMG_2346,прочее,прочее-IMG_2346,Керамическая кружка ручной работы!,Вся проходят двойную обработку и подходят для мойки в посудомоечной машине и разогревания в микроволновой печи!,https://ikondor.github.io/mawave/output/kek/IMG_2346.JPG.png.jpeg,NaN,,NaN,,,IMG_2346.JPG.png.jpeg,
прочее-IMG_2347,прочее,прочее-IMG_2347,Керамическая кружка ручной работы!,Вся проходят двойную обработку и подходят для мойки в посудомоечной машине и разогревания в микроволновой печи!,https://ikondor.github.io/mawave/output/kek/IMG_2347.JPG.png.jpeg,NaN,,NaN,,,IMG_2347.JPG.png.jpeg,
прочее-IMG_2348,прочее,прочее-IMG_2348,Керамическая кружка ручной работы!,Вся проходят двойную обработку и подходят для мойки в посудомоечной машине и разогревания в микроволновой печи!,https://ikondor.github.io/mawave/output/kek/IMG_2348.JPG.png.jpeg,NaN,,NaN,,,IMG_2348.JPG.png.jpeg,
прочее-IMG_2349,прочее,прочее-IMG_2349,Керамическая кружка ручной работы!,Вся проходят двойную обработку и подходят для мойки в посудомоечной машине и разогревания в микроволновой печи!,https://ikondor.github.io/mawave/output/kek/IMG_2349.JPG.png.jpeg,NaN,,NaN,,,IMG_2349.JPG.png.jpeg,
прочее-IMG_2350,прочее,прочее-IMG_2350,Керамическая кружка ручной работы!,Вся проходят двойную обработку и подходят для мойки в посудомоечной машине и разогревания в микроволновой печи!,https://ikondor.github.io/mawave/output/kek/IMG_2350.JPG.png.jpeg,NaN,,NaN,,,IMG_2350.JPG.png.jpeg,
прочее-IMG_2351,прочее,прочее-IMG_2351,Керамическая кружка ручной работы!,Вся проходят двойную обработку и подходят для мойки в посудомоечной машине и разогревания в микроволновой печи!,https://ikondor.github.io/mawave/output/kek/IMG_2351.JPG.png.jpeg,NaN,,NaN,,,IMG_2351.JPG.png.jpeg,
прочее-IMG_2352,прочее,прочее-IMG_2352,Керамическая кружка ручной работы!,Вся проходят двойную обработку и подходят для мойки в посудомоечной машине и разогревания в микроволновой печи!,https://ikondor.github.io/mawave/output/kek/IMG_2352.JPG.png.jpeg,NaN,,NaN,,,IMG_2352.JPG.png.jpeg,
прочее-IMG_2353,прочее,прочее-IMG_2353,Керамическая кружка ручной работы!,Вся проходят двойную обработку и подходят для мойки в посудомоечной машине и разогревания в микроволновой печи!,https://ikondor.github.io/mawave/output/kek/IMG_2353.JPG.png.jpeg,NaN,,NaN,,,IMG_2353.JPG.png.jpeg,
